table,Ingridiencer,Ingridiencer,2,"CREATE TABLE Ingridiencer
(
	ID INTEGER
		constraint Ingridiencer_pk
			primary key autoincrement,
	NAVN TEXT /*autoincrement needs PK*/
)"
table,sqlite_sequence,sqlite_sequence,3,"CREATE TABLE sqlite_sequence(name,seq)"
table,MaaleEnheder,MaaleEnheder,4,"CREATE TABLE MaaleEnheder
(
	ID int /*autoincrement needs PK*/,
	KG float /*autoincrement needs PK*/,
	SPISESKE int,
	TESKE int
)"
table,Opskrifter,Opskrifter,5,"CREATE TABLE Opskrifter
(
	ID int /*autoincrement needs PK*/,
	OPSKRIFTNAVN text /*autoincrement needs PK*/,
	COMMENTS text /*autoincrement needs PK*/
)"
table,Kogebog,Kogebog,6,"CREATE TABLE Kogebog
(
	ID int /*autoincrement needs PK*/,
	NAVN text /*autoincrement needs PK*/,
	MEANGTE double /*autoincrement needs PK*/,
	INGRIDIENCER text /*autoincrement needs PK*/
)"
